DRG Family,Number of Discharges,Number of Discharges with at least one Complication, % of Discharges with at least one complication,E89 Postproc endocrine & metabolic disrd NEC,G97 Postproc disorders of nervous system NEC,H59 Postproc disorders eye & adnexa NEC,H95 Postproc disrd ear & mastoid process NEC,I97 Postproc disorder circulatory system NEC,J95 Postprocedural respiratory disorders NEC,K91 Postproc disorders digestive system NEC,M96 Postproc musculoskeletal disorders NEC,N99 Postproc disrd genitourinary system NEC,T80 Comp foll infus transfusion thrpc injct,T81 Complications of procedures NEC,T82 Comp card vasc prosth dev implant grafts,T83 Comp genitourinary prosth dev impl gft,T84 Comp int ortho prosth dev impl gft,T85 Comp oth internal prosth dev impl gft,T86 Failure rejection transplanted org & tis,T87 Comp peculiar to reattachment & amputatn,T88 Oth comp surgical & medical care NEC,T89 Other specified complications of trauma
801 - O.R. Procedures Unrelated to Principal Diagnosis W/O CC,470,76,16%,2,3,0,0,3,8,10,1,13,0,21,4,6,2,9,0,0,1,1
A06 - Tracheostomy or ventilation > 95 Hours,140,80,57%,1,7,0,0,11,26,11,0,5,0,42,10,1,1,10,5,0,7,0
A11 - Insertion of Implantable Spinal Infusion Device,29,7,24%,0,3,0,0,0,0,0,0,0,0,0,0,4,0,0,0,0,0,0
A12 - Insertion of Neurostimulator Device,73,22,30%,0,2,0,0,0,0,1,1,0,0,1,0,0,1,17,0,0,0,0
B02 - Craniotomy,626,82,13%,1,38,3,1,9,6,2,1,2,0,26,3,7,0,2,1,0,2,0
B03 - Spinal procedures,120,15,13%,0,5,0,0,0,0,1,0,3,0,4,0,0,0,3,0,0,0,0
B04 - Extracranial vascular procs,186,34,18%,0,3,0,0,7,0,0,0,2,0,14,8,0,0,0,0,0,3,0
B05 - Carpal tunnel release,1459,1,0%,0,0,0,0,0,0,0,0,0,0,0,0,0,0,0,0,0,1,0
"B06 - Procs for Cerebral Palsy, Muscular Dystrophy, Neuropathy",429,5,1%,0,2,0,0,0,0,0,0,0,0,2,0,0,0,1,0,0,0,0
B07 - Peripheral and Cranial Nerve and Other Nervous System Procedures,82,28,34%,1,24,0,0,0,0,1,1,0,0,3,0,0,0,0,0,0,0,0
B65 - Cerebral palsy,196,0,0%,0,0,0,0,0,0,0,0,0,0,0,0,0,0,0,0,0,0,0
B66 - Nervous system neoplasm,44,1,2%,0,0,0,0,0,0,0,0,0,0,0,0,0,0,0,0,0,1,0
B67 - Degenerative Nervous System Disorders,36,1,3%,0,0,0,0,0,0,0,0,0,0,0,0,0,0,1,0,0,0,0
B71 - Cranial and Peripheral Nerve Disorders,78,0,0%,0,0,0,0,0,0,0,0,0,0,0,0,0,0,0,0,0,0,0
B81 - Other Disorders of the Nervous System,140,3,2%,0,0,0,0,0,0,1,0,0,0,0,0,0,0,2,0,0,0,0
B82 - Chronic and Unspecified Paraplegia/Quadriplegia,473,63,13%,0,1,0,0,1,2,1,1,5,0,22,3,22,7,9,0,1,0,1
C01 - Procedures for Penetrating Eye Injury,35,9,26%,0,0,3,0,0,0,0,0,0,0,6,0,0,0,1,0,0,0,0
C02 - Enucleations and Orbital Procedures,86,5,6%,0,0,2,0,0,0,0,0,1,0,0,0,0,0,2,0,0,0,0
C03 - Retinal procedures,3749,44,1%,0,0,21,0,0,0,1,0,0,0,6,0,0,0,21,0,0,0,0
"C04 - Major Corneal, Scleral and Conjunctival Procedures",300,23,8%,0,0,2,0,0,0,0,0,0,0,0,0,0,0,21,0,0,0,0
C05 - Dacryocystorhinostomy,203,13,6%,0,0,2,0,0,0,0,0,0,0,4,0,0,0,6,0,0,1,0
C10 - Strabismus procedures,625,0,0%,0,0,0,0,0,0,0,0,0,0,0,0,0,0,0,0,0,0,0
C11 - Eyelid procedures,435,9,2%,0,0,3,0,0,0,1,0,0,0,1,0,0,0,4,0,0,0,0
"C12 - Other Corneal, Scleral and Conjunctival Procedures",378,7,2%,0,1,4,0,0,0,0,0,0,0,0,0,0,0,2,0,0,0,0
C13 - Lacrimal procedures,107,1,1%,0,0,0,0,0,0,0,0,0,0,0,0,0,0,1,0,0,0,0
C14 - Other eye procedures,249,9,4%,0,0,1,0,1,0,0,0,0,0,0,0,0,0,7,0,0,0,0
C15 - Glaucoma and Complex Cataract Procedures,2155,46,2%,0,0,14,0,0,1,0,0,1,0,2,0,0,0,29,0,0,0,0
C16 - Lens procedures,6236,33,1%,0,0,7,0,1,1,0,0,0,0,0,0,0,0,23,0,0,1,0
C62 - Hyphema and Medically Managed Trauma to the Eye,31,0,0%,0,0,0,0,0,0,0,0,0,0,0,0,0,0,0,0,0,0,0
C63 - Other Disorders of the Eye,257,0,0%,0,0,0,0,0,0,0,0,0,0,0,0,0,0,0,0,0,0,0
D02 - Head and Neck Procedures,284,27,10%,0,1,0,0,0,1,2,0,0,0,20,0,1,0,2,1,0,0,0
D03 - Surgical Repair for Cleft Lip or Palate Diagnosis,99,2,2%,0,0,0,0,1,0,0,0,0,0,2,1,0,0,0,0,0,0,0
D04 - Maxillo Surgery,127,6,5%,0,0,0,0,1,0,1,0,0,0,2,0,0,2,0,0,0,0,0
D05 - Parotid Gland Procedures,155,10,6%,0,2,0,0,0,2,0,0,1,0,3,0,0,0,2,0,0,0,0
D06 - Sinus and Complex Middle Ear Procedures,941,25,3%,0,2,0,3,0,1,0,0,1,0,17,0,0,0,1,0,0,1,0
D10 - Nasal Procedures,408,5,1%,0,0,0,0,0,0,0,0,0,0,3,0,0,0,1,0,0,1,0
D11 - Tonsillectomy and/or Adenoidectomy,2926,17,1%,0,0,0,0,0,4,1,0,1,0,10,0,0,0,0,0,0,1,0
"D12 - Other Ear, Nose, Mouth and Throat Procedures",1073,34,3%,0,0,0,14,0,5,0,0,0,0,7,0,0,0,9,0,0,1,0
D13 - Myringotomy W Tube Insertion,1604,3,0%,0,0,0,0,0,0,0,0,0,0,1,0,0,0,1,0,0,1,0
D14 - Mouth and Salivary Gland Procedures,487,11,2%,0,1,0,0,0,0,1,0,1,0,9,0,0,0,1,0,0,0,0
D15 - Mastoid Procedures,164,12,7%,0,0,0,12,0,0,0,0,0,0,0,0,0,0,0,0,0,0,0
D40 - Dental Extractions and Restorations,4296,6,0%,0,0,0,0,0,0,0,0,0,0,3,0,0,0,1,0,0,2,0
"D60 - Ear, Nose, Mouth and Throat Malignancy",113,2,2%,0,0,0,0,0,1,0,0,0,0,0,0,0,0,0,0,0,1,0
D62 - Epistaxis,23,0,0%,0,0,0,0,0,0,0,0,0,0,0,0,0,0,0,0,0,0,0
D63 - Otitis Media and Upper Respiratory Infections,154,3,2%,0,0,0,1,0,1,0,0,0,0,0,0,0,0,0,0,0,1,0
D65 - Nasal Trauma and Deformity,25,0,0%,0,0,0,0,0,0,0,0,0,0,0,0,0,0,0,0,0,0,0
"D66 - Other Ear, Nose, Mouth and Throat Diagnoses",608,5,1%,0,0,0,1,0,1,0,0,1,0,1,0,0,0,0,0,0,1,0
D67 - Oral and Dental Disorders Except Extractions and Restorations,180,0,0%,0,0,0,0,0,0,0,0,0,0,0,0,0,0,0,0,0,0,0
E01 - Major Chest Procedures,417,135,32%,0,0,0,0,6,56,3,1,9,0,88,5,1,0,14,0,0,5,0
E02 - Other Respiratory System O.R. Procedures,1266,43,3%,0,0,0,0,1,23,0,0,1,0,21,0,0,1,1,0,0,0,0
E42 - Bronchoscopy,53,3,6%,0,0,0,0,0,2,0,0,0,0,1,0,0,0,0,0,0,0,0
E63 - Sleep apnoea,24,0,0%,0,0,0,0,0,0,0,0,0,0,0,0,0,0,0,0,0,0,0
E71 - Respiratory neoplasms,22,1,5%,0,0,0,0,0,0,0,0,0,0,0,0,0,0,0,0,0,1,0
E75 - Other Respiratory System Diagnosis,39,7,18%,0,0,0,0,0,7,0,0,0,0,0,0,0,0,0,0,0,0,0
F03 - Cardiac Valve Proc W CPB Pump W Invasive Cardiac Investigation,20,6,30%,0,0,0,0,3,0,0,0,0,0,1,3,0,0,0,0,0,0,0
F04 - Cardiac Valve Proc W CPB Pump W/O Invasive Cardiac Inves,347,88,25%,2,3,0,0,40,18,4,0,9,1,26,26,3,1,1,0,0,2,0
F05 - Coronary Bypass W Invasive Cardiac Investigation W Reoperation,51,25,49%,1,1,0,0,11,6,1,1,2,0,7,7,1,0,0,0,0,0,0
F06 - Coronary Bypass W/O Invasive Cardiac Inves W Reoperation,204,41,20%,0,1,0,0,20,14,3,0,2,0,16,8,0,0,3,0,0,0,0
F07 - Other Cardiothoracic/Vascular Procedures W CPB Pump,55,19,35%,1,1,0,0,11,4,1,0,1,0,7,5,0,0,1,0,0,0,0
F08 - Major Reconstruct Vascular Procedures W/O CPB Pump,533,108,20%,0,2,0,0,21,3,11,0,7,0,51,40,3,0,0,0,0,4,0
F13 - Upper Limb and Toe Amputation for Circulatory System Disorders,58,2,3%,0,0,0,0,0,0,0,0,0,0,1,0,0,0,1,0,0,0,0
F14 - Vascular Procedures Except Major Reconstruction W/O CPB Pump,1134,54,5%,0,2,0,0,3,0,0,1,1,1,28,22,3,0,1,0,0,0,0
F20 - Vein Ligation and Stripping,805,3,0%,0,0,0,0,0,0,0,0,0,0,3,0,0,0,0,0,0,0,0
F21 - Other Circulatory System O.R. Procedures,38,22,58%,0,0,0,0,3,0,1,0,0,0,2,17,1,0,1,0,0,0,0
F64 - Skin Ulcers in Circulatory Disorders,35,0,0%,0,0,0,0,0,0,0,0,0,0,0,0,0,0,0,0,0,0,0
F65 - Peripheral Vascular Disorders,269,0,0%,0,0,0,0,0,0,0,0,0,0,0,0,0,0,0,0,0,0,0
F66 - Coronary Atherosclerosis,34,0,0%,0,0,0,0,0,0,0,0,0,0,0,0,0,0,0,0,0,0,0
F69 - Valvular Disorders,37,0,0%,0,0,0,0,0,0,0,0,0,0,0,0,0,0,0,0,0,0,0
F75 - Other Circulatory System Diagnoses,52,7,13%,0,0,0,0,0,0,1,0,0,0,1,6,0,0,0,0,0,0,0
G01 - Rectal Resection,693,228,33%,2,2,0,0,13,7,135,0,25,0,96,5,13,0,17,1,0,6,0
G02 - Major Small and Large Bowel Procedures,910,273,30%,0,0,0,0,14,14,176,0,19,1,113,9,15,0,17,0,0,7,0
"G03 - Stomach, Oesophageal and Duodenal Procedure",518,89,17%,1,1,0,0,5,12,44,0,4,0,28,5,2,0,10,0,0,1,0
G04 - Peritoneal Adhesiolysis,224,38,17%,0,0,0,0,0,3,28,0,3,0,14,2,1,0,2,0,0,1,0
G05 - Minor Small and Large Bowel Procedures,236,23,10%,1,0,0,0,0,0,17,0,2,0,7,0,0,0,0,0,0,0,0
G07 - Appendicectomy,76,4,5%,0,0,0,0,0,0,3,0,1,0,0,0,0,0,0,0,0,0,0
G10 - Hernia Procedures,2897,57,2%,0,0,0,0,2,5,12,0,4,0,26,0,1,0,8,0,0,2,0
G11 - Anal and Stomal Procedures,1479,30,2%,0,0,0,0,0,1,21,0,0,0,8,0,1,0,0,0,0,0,0
G12 - Other Digestive System O.R. Procedures,131,13,10%,0,0,0,0,0,3,4,0,1,0,7,0,1,0,1,0,0,0,0
G46 - Complex Gastroscopy,102,5,5%,0,0,0,0,0,0,4,0,0,0,0,1,0,0,0,0,0,0,0
G47 - Other Gastroscopy,322,19,6%,0,0,0,0,0,0,17,0,0,0,1,0,0,0,1,0,0,0,0
G48 - Colonoscopy,713,7,1%,0,0,0,0,2,0,2,0,0,0,2,1,0,0,0,0,0,1,0
G60 - Digestive Malignancy,77,1,1%,0,0,0,0,0,0,0,0,0,0,0,0,0,0,0,0,0,1,0
G66 - Abdominal Pain and Mesenteric Adenitis,25,0,0%,0,0,0,0,0,0,0,0,0,0,0,0,0,0,0,0,0,0,0
G67 - Oesophagitis and Gastroenteritis,20,0,0%,0,0,0,0,0,0,0,0,0,0,0,0,0,0,0,0,0,0,0
G70 - Other Digestive System Diagnoses,415,27,7%,0,0,0,0,0,0,23,0,0,0,2,1,0,0,0,0,0,2,0
"H01 - Pancreas, Liver and Shunt Procedures",305,88,29%,5,3,0,0,10,4,32,0,13,0,39,4,1,0,5,0,1,2,0
H02 - Major Biliary Tract Procedures,63,16,25%,1,0,0,0,0,1,7,0,1,0,7,1,1,0,2,0,0,0,0
H05 - Hepatobiliary Diagnostic Procedures,29,5,17%,0,0,0,0,0,0,3,0,1,0,3,0,0,0,0,0,0,0,0
H06 - Other Hepatobiliary and Pancreas O.R. Procedures,22,2,9%,0,0,0,0,0,0,2,0,0,0,1,0,0,0,0,0,0,0,0
H07 - Open Cholecystectomy W Closed Cde or,51,8,16%,0,0,0,0,1,0,3,0,1,1,4,0,0,0,0,0,0,0,0
H08 - Laparoscopic Cholecystectomy,1899,37,2%,0,0,0,0,0,2,6,0,1,0,28,0,0,0,1,0,0,1,0
H43 - ERCP Procedures,37,0,0%,0,0,0,0,0,0,0,0,0,0,0,0,0,0,0,0,0,0,0
"H61 - Malignancy of Hepatobiliary System, Pancreas",22,0,0%,0,0,0,0,0,0,0,0,0,0,0,0,0,0,0,0,0,0,0
H64 - Disorders of the Biliary Tract,68,1,1%,0,0,0,0,0,0,0,0,0,0,1,0,0,0,0,0,0,0,0
I01 - Bilateral/Multiple Major Joint Proc of Lower Extremity,216,56,26%,0,0,0,0,2,1,0,0,34,0,9,1,1,16,0,0,0,0,0
"I02 - Microvascular Tissue Transfer or (Skin Graft), Excluding Hand",94,15,16%,0,0,0,0,1,1,1,4,0,0,7,0,0,1,1,0,0,0,0
I03 - Hip Replacement,2900,512,18%,2,13,0,0,50,15,16,12,338,5,70,2,3,20,2,0,0,8,2
I04 - Knee Replacement,2649,439,17%,1,7,0,0,25,5,13,1,280,0,96,1,3,32,2,0,0,7,0
I05 - Other Joint Replacement,255,39,15%,0,0,0,0,1,0,0,1,17,0,0,0,0,21,1,0,0,1,0
I07 - Amputation,21,8,38%,0,0,0,0,0,1,0,0,0,0,2,0,0,4,0,0,3,1,0
I08 - Other Hip and Femur Procedures,226,36,16%,0,1,0,0,0,0,2,4,8,0,4,0,1,18,1,0,0,2,0
I09 - Spinal Fusion,406,88,22%,0,6,0,0,11,3,4,1,36,0,29,1,2,17,2,0,0,0,0
I10 - Other Back and Neck Procedures,412,58,14%,0,5,0,0,4,2,7,4,17,1,24,1,2,1,1,0,0,1,0
I12 - Miscellaneous Musculoskeletal Procs for Infection/Inflammation of Bone/Joint,243,104,43%,0,0,0,0,1,2,1,30,1,0,2,0,0,72,1,0,0,1,0
"I13 - Humerus, Tibia, Fibula and Ankle Procedures",459,50,11%,0,0,0,0,0,0,0,11,7,1,4,0,0,29,0,0,1,1,0
I15 - Cranio-Facial Surgery,42,7,17%,0,0,0,0,0,0,0,1,0,0,3,0,0,3,0,0,1,0,0
I16 - Other Shoulder Procedures,750,16,2%,0,0,0,0,3,1,1,0,7,0,3,0,0,2,0,0,0,0,0
I17 - Maxillo-Facial Surgery,22,2,9%,0,0,0,0,0,0,0,0,0,0,2,0,0,0,0,0,0,0,0
I18 - Other Knee Procedures,414,4,1%,0,0,0,0,0,0,0,0,2,0,0,0,0,2,0,0,0,0,0
I19 - Other Elbow or Forearm Procedures,114,14,12%,0,1,0,0,0,0,0,2,3,0,0,0,0,8,0,0,0,0,0
I20 - Other Foot Procedures,534,34,6%,0,0,0,0,0,0,1,4,10,0,2,0,0,16,1,0,1,1,0
I21 - Local Excision and Removal of Internal Fixation Devices of Hip and Femur,96,12,13%,0,1,0,0,0,0,0,0,2,0,1,0,0,9,0,0,0,0,0
I23 - Local Excision and Removal of Internal Fixation Devices Excl Hip and Femur,881,123,14%,0,0,0,0,0,1,0,3,6,0,5,0,0,111,0,0,0,0,0
I24 - Arthroscopy,100,2,2%,0,0,0,0,0,0,0,0,1,0,0,0,0,0,0,0,0,1,0
I25 - Bone and Joint Diagnostic Procedures Including Biopsy,30,1,3%,0,0,0,0,0,0,0,0,0,0,0,0,0,0,1,0,0,0,0
I27 - Soft Tissue Procedures,482,26,5%,0,0,0,0,1,1,1,0,6,0,6,0,0,5,0,0,7,0,0
I28 - Other Musculoskeletal Procedures,219,22,10%,0,0,0,0,0,1,0,1,2,0,2,0,0,4,0,0,13,0,0
I29 - Knee Reconstruction or Revision,117,5,4%,0,0,0,0,0,1,0,1,1,0,0,0,0,3,0,0,0,0,0
I30 - Hand Procedures,1507,34,2%,0,0,0,0,1,2,0,6,1,0,9,0,0,10,0,0,4,1,0
I31 - Hip Revision,324,302,93%,0,2,0,0,2,2,0,5,36,0,11,3,1,294,0,0,0,0,0
I32 - Knee Revision,153,138,90%,0,1,0,0,1,0,1,2,22,0,7,0,0,133,0,0,0,1,1
I40 - Infusions for Musculoskeletal Disorders,53,0,0%,0,0,0,0,0,0,0,0,0,0,0,0,0,0,0,0,0,0,0
I65 - Musculoskeletal Malignant Neoplasms,45,2,4%,0,0,0,0,0,0,0,0,0,0,1,0,0,1,0,0,0,0,0
I68 - Non-Surgical Spinal Disorders,50,0,0%,0,0,0,0,0,0,0,0,0,0,0,0,0,0,0,0,0,0,0
I69 - Bone Diseases and Arthropathies,116,1,1%,0,0,0,0,0,0,0,0,0,0,0,0,0,0,0,0,0,1,0
I71 - Other Musculotendinous Disorders,44,1,2%,0,0,0,0,0,0,0,0,1,0,0,0,0,0,0,0,0,0,0
I72 - Specific Musculotendinous Disorders,61,0,0%,0,0,0,0,0,0,0,0,0,0,0,0,0,0,0,0,0,0,0
I73 - Aftercare of Musculoskeletal Implants/Prostheses,93,49,53%,0,0,0,0,0,0,0,2,0,0,1,0,0,47,0,0,0,0,0
"I75 - Injury to Shoulder, Arm, Elbow, Knee, Leg or Ankle",25,0,0%,0,0,0,0,0,0,0,0,0,0,0,0,0,0,0,0,0,0,0
I76 - Other Musculoskeletal Disorders,123,1,1%,0,0,0,0,0,0,0,0,1,0,0,0,0,0,0,0,0,0,0
I82 - Other Sameday Treatment for Musculoskeletal Disorders,165,2,1%,0,0,0,0,0,0,0,0,0,0,0,0,0,2,0,0,0,0,0
"J01 - Microvascular Tissue Transfer for Skin, Subcutaneous Tissue & Breast Disorders",66,15,23%,0,1,0,0,2,0,0,0,1,0,7,1,1,0,3,4,0,0,0
J06 - Major Procedures for Malignant Breast Conditions,1822,98,5%,0,0,0,0,5,1,1,0,2,0,44,1,2,0,46,0,0,3,0
J07 - Minor Procedures for Malignant Breast Conditions,800,7,1%,0,0,0,0,1,0,1,0,0,0,5,0,0,0,1,0,0,0,0
J08 - Other Skin Graft and/or Debridement Procedures,2295,62,3%,0,3,0,0,2,2,1,0,6,0,36,1,5,0,9,4,1,2,1
J09 - Perianal and Pilonidal Procedures,172,1,1%,0,0,0,0,0,0,0,0,0,0,1,0,0,0,0,0,0,0,0
"J10 - Skin, Subcutaneous Tissue and Breast Plastic O.R. Procedures",2098,24,1%,0,0,0,0,2,0,0,0,3,0,14,0,0,1,3,0,0,1,0
J11 - Same Day Skin Lesion Procedures,10793,15,0%,0,1,0,0,1,1,0,0,4,0,9,0,0,0,0,0,0,1,0
J12 - Lower Limb Procs W Ulcer/Cellulitis,36,2,6%,0,0,0,0,0,0,0,0,0,0,2,0,0,0,0,0,0,0,0
J13 - Lower Limb Procs W/O Ulcer/Cellulitis,763,25,3%,0,0,0,0,0,0,1,0,3,0,16,0,0,0,4,5,0,0,0
J14 - Major Breast Reconstructions,122,15,12%,0,0,0,0,4,0,0,0,2,0,8,0,0,0,2,1,0,0,0
J62 - Malignant Breast Disorders,30,0,0%,0,0,0,0,0,0,0,0,0,0,0,0,0,0,0,0,0,0,0
J63 - Non-Malignant Breast Disorders,49,1,2%,0,0,0,0,0,1,0,0,0,0,0,0,0,0,0,0,0,1,0
J64 - Cellulitis,59,1,2%,0,0,0,0,0,0,0,0,0,0,0,0,0,0,0,0,0,1,0
J67 - Minor Skin Disorders,689,0,0%,0,0,0,0,0,0,0,0,0,0,0,0,0,0,0,0,0,0,0
J69 - Skin Malignancy,522,1,0%,0,0,0,0,0,0,0,0,0,0,0,0,0,0,0,0,0,1,0
K01 - O.R. Procedures for Diabetic Complications,66,7,11%,0,1,0,0,0,0,0,0,0,0,5,1,0,0,1,1,1,0,0
K02 - Pituitary Procedures,79,14,18%,2,7,0,0,2,0,0,0,0,0,5,0,0,0,0,0,0,0,0
K03 - Adrenal Procedures,39,6,15%,1,0,0,0,0,1,1,0,0,0,5,0,0,0,0,0,0,0,0
K04 - Major Procedures for Obesity,115,0,0%,0,0,0,0,0,0,0,0,0,0,0,0,0,0,0,0,0,0,0
K05 - Parathyroid Procedures,135,5,4%,0,0,0,0,0,0,0,0,1,0,4,0,0,0,0,0,0,0,0
K06 - Thyroid Procedures,424,18,4%,3,2,0,0,3,3,0,0,1,0,10,0,0,0,1,0,0,0,0
K08 - Thyroglossal Procedures,43,2,5%,0,0,0,0,1,0,0,0,0,0,1,0,0,0,0,0,0,0,0
"K09 - Other Endocrine, Nutritional and Metabolic O.R. Procedures",67,4,6%,0,0,0,0,0,1,1,0,0,0,2,1,0,0,0,0,1,0,0
K11 - Major Laparoscopic Bariatric Procedures,67,1,1%,0,0,0,0,0,0,0,0,0,0,1,0,0,0,0,0,0,0,0
K40 - Endoscopic or Investigative Proc for Metabolic Disorders,39,1,3%,0,0,0,0,0,0,0,0,0,0,0,0,0,0,1,0,0,0,0
K60 - Diabetes,21,0,0%,0,0,0,0,0,0,0,0,0,0,0,0,0,0,0,0,0,0,0
K64 - Endocrine Disorders,25,0,0%,0,0,0,0,0,0,0,0,0,0,0,0,0,0,0,0,0,0,0
"L03 - Kidney, Ureter and Major Bladder Procedures for Neoplasm",367,82,22%,1,0,0,0,3,11,30,0,6,0,44,3,2,0,1,0,0,1,0
"L04 - Kidney, Ureter & Major Bladder Procedures for Non-Neoplasm",1005,128,13%,0,1,0,0,4,1,18,0,36,0,37,1,44,0,1,1,0,4,0
L05 - Transurethral Prostatectomy,99,10,10%,0,0,0,0,0,0,0,0,9,0,0,0,1,0,0,0,0,0,0
L06 - Minor Bladder Procedures,204,45,22%,0,0,0,0,0,2,3,0,22,0,4,0,19,0,1,0,0,0,0
L07 - Transurethral Procedures Except Prostatectomy,1328,44,3%,0,0,0,0,2,0,1,0,25,0,14,0,5,0,0,0,0,0,0
L08 - Urethral Procedures,263,41,16%,0,0,0,0,0,0,1,0,35,0,2,0,5,0,0,0,0,0,0
L09 - Other Procedures for Kidney and Urinary Tract Disorders,92,5,5%,0,0,0,0,0,0,0,0,0,0,1,0,3,0,1,0,0,0,0
L40 - Ureteroscopy,78,7,9%,0,0,0,0,0,0,0,0,3,0,2,0,2,0,0,0,0,0,0
"L41 - Cystourethroscopy, Sameday",365,7,2%,0,0,0,0,0,1,0,0,4,0,1,0,2,0,0,0,0,0,0
L42 - Esw Lithotripsy for Urinary Stones,465,1,0%,0,0,0,0,0,0,0,0,1,0,0,0,0,0,0,0,0,0,0
L62 - Kidney and Urinary Tract Neoplasms,59,1,2%,0,0,0,0,0,0,0,0,0,0,1,0,0,0,0,0,0,0,0
L63 - Kidney and Urinary Tract Infections,28,0,0%,0,0,0,0,0,0,0,0,0,0,0,0,0,0,0,0,0,0,0
L64 - Urinary Stones and Obstruction,259,7,3%,0,0,0,0,1,0,0,0,1,0,3,0,1,0,0,0,0,1,0
L65 - Kidney and Urinary Tract Signs and Symptoms,144,5,3%,0,0,0,0,1,0,1,0,0,0,0,0,2,0,0,0,0,1,0
L66 - Urethral Stricture,25,1,4%,0,0,0,0,0,0,0,0,1,0,0,0,0,0,0,0,0,0,0
L67 - Other Kidney and Urinary Tract Diagnoses,286,30,10%,0,0,0,0,0,0,0,0,8,0,4,0,17,0,1,0,0,0,0
M01 - Major Male Pelvic Procedures,407,35,9%,0,1,0,0,6,0,4,0,3,0,22,1,2,0,0,0,0,2,0
M02 - Transurethral Prostatectomy,846,74,9%,0,0,0,0,1,0,0,0,46,0,22,0,8,0,1,0,0,3,0
M03 - Penis Procedures,255,4,2%,0,0,0,0,0,0,0,0,1,0,3,0,0,0,0,0,0,0,0
M04 - Testes Procedures,823,3,0%,0,0,0,0,0,0,0,0,1,0,2,0,0,0,0,0,0,0,0
M05 - Circumcision,470,4,1%,0,0,0,0,0,0,0,0,2,0,2,0,0,0,0,0,0,0,0
M06 - Other Male Reproductive System O.R. Procedures,103,1,1%,0,0,0,0,0,0,0,0,0,0,0,0,1,0,0,0,0,0,0
"M60 - Malignancy, Male Reproductive System",75,2,3%,0,0,0,0,0,0,0,0,0,0,0,0,2,0,0,0,0,0,0
M61 - Benign Prostatic Hypertrophy,22,3,14%,0,0,0,0,0,0,0,0,1,0,1,0,1,0,0,0,0,0,0
M64 - Other Male Reproductive System Diagnoses,78,0,0%,0,0,0,0,0,0,0,0,0,0,0,0,0,0,0,0,0,0,0
N01 - Pelvic Evisceration and Radical Vulvectomy,65,15,23%,0,0,0,0,1,0,3,0,2,0,14,0,0,0,0,0,0,0,0
N04 - Hysterectomy for Non-Malignancy,1439,134,9%,0,3,0,0,4,5,19,2,37,1,49,3,9,0,4,0,0,9,0
N05 - Oophorectomies and Complex Fallopian Tube Procs for Non-Malig,486,44,9%,0,0,0,0,0,2,9,0,16,0,19,0,3,0,1,0,0,2,0
N06 - Female Reproductive System Reconstructive Procedures,1039,192,18%,1,0,0,0,2,0,6,1,146,0,36,1,11,0,2,0,0,2,0
N07 - Other Uterus and Adnexa Procedures for Non-Malignancy,2354,56,2%,0,0,0,0,4,2,1,0,8,0,30,1,6,0,0,0,0,7,0
N08 - Endoscopic and Laparoscopic Procedures for Female Reproductive System,1175,23,2%,0,0,0,0,0,0,2,0,5,0,12,0,3,0,0,0,0,1,0
"N09 - Conisation, Vagina, Cervix and Vulva Procedures",1646,58,4%,0,0,0,0,0,1,3,0,15,0,31,0,9,0,0,0,0,1,0
N10 - Diagnostic Curettage or Diagnostic Hysteroscopy,2483,31,1%,0,0,0,0,0,0,0,0,2,0,13,1,11,0,1,0,0,3,0
N11 - Other Female Reproductive System O.R. Procedures,58,10,17%,0,0,0,0,1,0,2,0,1,0,6,0,1,0,0,0,0,1,0
N12 - Uterine and Adnexa Procedures for Malignancy,544,128,24%,1,2,0,0,8,8,55,0,17,0,54,3,12,0,4,0,0,6,0
"N60 - Malignancy, Female Reproductive System",58,0,0%,0,0,0,0,0,0,0,0,0,0,0,0,0,0,0,0,0,0,0
N62 - Menstrual and Other Female Reproductive System Disorders,787,11,1%,0,0,0,0,0,0,0,0,3,0,0,0,7,0,0,0,0,1,0
O05 - Abortion W O.R. Procedure,117,0,0%,0,0,0,0,0,0,0,0,0,0,0,0,0,0,0,0,0,0,0
Q01 - Splenectomy,28,1,4%,0,0,0,0,0,0,0,0,0,0,0,0,0,0,1,0,0,0,0
Q02 - Other O.R. Procedure of Blood and Blood Forming Organs,168,4,2%,0,0,0,0,0,1,0,0,1,0,1,0,0,0,1,0,0,0,0
Q60 - Reticuloendothelial and Immunity Disorders,24,1,4%,0,0,0,0,0,0,0,0,0,0,0,1,0,0,0,0,0,0,0
Q61 - Red Blood Cell Disorders,72,0,0%,0,0,0,0,0,0,0,0,0,0,0,0,0,0,0,0,0,0,0
R01 - Lymphoma and Leukaemia W Major O.R. Procedures,38,7,18%,0,0,0,0,4,1,1,0,1,0,4,0,0,0,0,0,0,0,0
R02 - Other Neoplastic Disorders W Major O.R. Procedures,259,53,20%,2,2,0,0,5,4,7,0,2,1,31,4,1,0,3,1,0,4,0
R03 - Lymphoma and Leukaemia W Other O.R. Procedures,150,4,3%,0,0,0,0,0,1,1,0,0,0,1,0,0,0,0,0,0,1,0
R04 - Other Neoplastic Disorders W Other O.R. Procedures,112,10,9%,0,0,0,0,1,0,1,0,2,0,6,0,0,0,1,0,0,0,0
R62 - Other Neoplastic Disorders,53,1,2%,0,0,0,0,0,0,0,0,0,0,0,0,0,0,0,0,0,1,0
T01 - O.R. Procedures for Infectious and Parasitic Diseases,52,39,75%,0,0,0,0,0,1,0,0,2,0,37,0,0,0,0,0,0,0,0
T61 - Postoperative and Post-Traumatic Infections,23,15,65%,0,0,0,0,0,0,0,0,0,0,15,0,0,0,0,0,0,0,0
X06 - Other Procedures for Other Injuries,259,213,82%,0,0,0,0,0,1,5,1,6,0,86,1,2,0,113,14,0,6,1
X07 - Skin Graft for Injuries Except Hand,43,37,86%,0,0,0,0,0,0,0,0,0,0,13,1,0,0,2,21,0,0,3
X63 - Sequelae of Treatment,76,46,61%,0,0,0,0,0,0,0,0,0,0,32,0,0,0,12,1,0,2,0
Y03 - Other O.R. Procedures for Other Burns,38,1,3%,0,0,0,0,0,0,0,0,0,0,0,0,0,0,0,1,0,0,0
Z01 - Other Contacts W Health Services W O.R. Procedures,319,14,4%,0,1,0,0,0,1,2,0,0,0,4,0,1,0,3,1,0,1,0
"Z40 - Other Contacts W Health Services W Endoscopy, Sameday",202,1,0%,0,0,0,0,0,0,1,0,0,0,0,0,0,0,0,0,0,0,0
Z61 - Signs and Symptoms,70,0,0%,0,0,0,0,0,0,0,0,0,0,0,0,0,0,0,0,0,0,0
Z63 - Other Surgical Follow Up and Medical Care,48,0,0%,0,0,0,0,0,0,0,0,0,0,0,0,0,0,0,0,0,0,0
Z64 - Other Factors Influencing Health Status,433,1,0%,0,0,0,0,0,0,0,0,0,0,0,0,0,0,1,0,0,0,0
